"","res1","res2","res3"
"1",1158.269,1173.462,1157.205
"2",0.930935668861409,0.896427022084933,0.793476027724795
"3",1,0.994513715710723,0.996328029375765
"4",0.996264534119009,0.99899972214504,0.998366321080741
