"","res1","res2","res3"
"1",1.93299999999999,1.65899999999999,2.65700000000004
"2",0.850204086907881,0.860996897734189,0.78295988443076
"3",1,1,1
"4",0.982721382289417,0.997722095671982,0.997455470737914
