"","res1","res2","res3"
"1",275.949,272.683,274.019
"2",0.909309375634841,0.888815973530677,0.79555149685908
"3",1,0.997095837366893,0.997032640949555
"4",0.995266645629536,0.997992639678822,0.998746553020807
