"","res1","res2","res3"
"1",3.34799999999996,4.197,3.91100000000006
"2",0.899156927240575,0.8881776594662,0.802240434741659
"3",1,1,1
"4",0.98728813559322,0.995584988962472,1
