"","res1....c.time1..Res.1.p0hat.SP.1...Res.1.Sensitivity.1...Res.1.Specificity.1..","res2....c.time2..Res.2.p0hat.SP.1...Res.2.Sensitivity.1...Res.2.Specificity.1..","res3....c.time3..Res.3.p0hat.SP.1...Res.3.Sensitivity.1...Res.3.Specificity.1.."
"1",1.01599999999985,0.565000000000055,1.51900000000001
"2",0.841515336173637,0.870036983558478,0.757319006043221
"3",1,1,1
"4",0.946808510638298,0.966666666666667,0.952380952380952
