"","res1","res2","res3"
"1",10.2250000000004,6.75,0.811999999999898
"2",0.682722003611369,0.64025262318501,0.765332521948958
"3",1,1,1
"4",0.957446808510638,0.967741935483871,0.964705882352941
