"","res1","res2","res3"
"1",6565.454,1320.562,4321.991
"2",0.803213327462681,0.726861715419174,0.729669385092401
"3",0.968792401628223,0.975300400534045,0.980372588157019
"4",0.985206478300498,0.98163235076285,0.982157745539436
