"","res1","res2","res3"
"1",7949.94600000001,2345.97900000001,2835.292
"2",0.887911020809832,0.839456138828565,0.784454099613588
"3",0.985639686684073,0.997291807718348,0.995257452574526
"4",0.99508219755515,0.991422021740738,0.994355909694555
