"","res1","res2","res3"
"1",193.135,119.46,190.832
"2",0.745094259458625,0.744223713922575,0.759581508087743
"3",1,1,1
"4",0.96950578338591,0.973480662983425,0.989962358845671
