"","res1","res2","res3"
"1",7.572,1.04400000000001,11.496
"2",0.805798940403657,0.759783677730317,0.62125092877269
"3",1,1,1
"4",0.936170212765957,0.898876404494382,0.785714285714286
