"","res1","res2","res3"
"1",404.506,43.251,58.0549999999999
"2",0.541798682635468,0.69236617625833,0.598714577605218
"3",1,1,1
"4",0.729957805907173,0.941964285714286,0.927083333333333
