"","res1","res2","res3"
"1",1.51000000000931,55.0409999999974,0.596000000005006
"2",0.84369965793204,0.0465930058978859,0.830313777099747
"3",1,1,1
"4",0.946808510638298,0.0412371134020619,1
