"","res1","res2","res3"
"1",71.7760000000126,18.2100000000064,49.4940000000061
"2",0.946672464804278,0.888471022668081,0.790929867385432
"3",1,1,1
"4",0.998947368421053,0.996703296703297,1
