"","res1","res2","res3"
"1",1430.84599999999,703.903999999995,702.296000000002
"2",0.946104968467731,0.897327746024721,0.80212676129882
"3",0.998706338939198,1,0.998987512656092
"4",0.999367400014058,0.999406880189798,0.999667691285204
